[
{
    "model": "auth.user",
    "fields": {
        "password": "pbkdf2_sha256$100000$uxd5nNubSwuR$kxAGD9aeHDde7ugl/oXAbgoU/GgzgBx0RxwaNSnXcbI=",
        "last_login": "2018-03-07T13:03:23.361Z",
        "is_superuser": true,
        "username": "admin",
        "first_name": "",
        "last_name": "",
        "email": "alex.mon1989@gmail.com",
        "is_staff": true,
        "is_active": true,
        "date_joined": "2018-03-07T12:44:01.923Z",
        "groups": [],
        "user_permissions": []
    }
},
{
    "model": "theater.position",
    "pk": 1,
    "fields": {
        "created_at": "2018-03-07T13:09:45.127Z",
        "updated_at": "2018-03-07T13:09:45.127Z",
        "title": "\u0410\u0432\u0442\u043e\u0440 \u0441\u043a\u0430\u0437\u043a\u0438",
        "weight": 10000
    }
},
{
    "model": "theater.position",
    "pk": 2,
    "fields": {
        "created_at": "2018-03-07T13:09:58.607Z",
        "updated_at": "2018-03-07T13:09:58.607Z",
        "title": "\u0420\u0435\u0436\u0438\u0441\u0441\u0451\u0440",
        "weight": 10000
    }
},
{
    "model": "theater.position",
    "pk": 3,
    "fields": {
        "created_at": "2018-03-07T13:10:10.972Z",
        "updated_at": "2018-03-07T13:10:10.972Z",
        "title": "\u0413\u043b\u0430\u0432\u043d\u044b\u0439 \u0445\u0443\u0434\u043e\u0436\u043d\u0438\u043a",
        "weight": 10000
    }
},
{
    "model": "theater.position",
    "pk": 4,
    "fields": {
        "created_at": "2018-03-07T13:10:33.030Z",
        "updated_at": "2018-03-07T13:10:33.030Z",
        "title": "\u0425\u0443\u0434\u043e\u0436\u043d\u0438\u043a-\u0434\u0435\u043a\u043e\u0440\u0430\u0442\u043e\u0440",
        "weight": 10000
    }
},
{
    "model": "theater.position",
    "pk": 5,
    "fields": {
        "created_at": "2018-03-07T13:21:50.469Z",
        "updated_at": "2018-03-07T13:21:50.469Z",
        "title": "\u0425\u0443\u0434\u043e\u0436\u043d\u0438\u043a-\u0442\u0435\u0445\u043d\u043e\u043b\u043e\u0433",
        "weight": 10000
    }
},
{
    "model": "theater.position",
    "pk": 6,
    "fields": {
        "created_at": "2018-03-07T13:22:05.655Z",
        "updated_at": "2018-03-07T13:22:05.655Z",
        "title": "\u0425\u0443\u0434\u043e\u0436\u043d\u0438\u043a \u043f\u043e \u043a\u043e\u0441\u0442\u044e\u043c\u0430\u043c",
        "weight": 10000
    }
},
{
    "model": "theater.position",
    "pk": 7,
    "fields": {
        "created_at": "2018-03-07T13:22:20.277Z",
        "updated_at": "2018-03-07T13:22:20.277Z",
        "title": "\u0425\u0443\u0434\u043e\u0436\u043d\u0438\u043a \u043f\u043e \u0441\u0432\u0435\u0442\u0443",
        "weight": 10000
    }
},
{
    "model": "theater.position",
    "pk": 8,
    "fields": {
        "created_at": "2018-03-07T13:22:30.214Z",
        "updated_at": "2018-03-07T13:22:30.214Z",
        "title": "\u0417\u0432\u0443\u043a\u043e\u0440\u0435\u0436\u0438\u0441\u0441\u0451\u0440",
        "weight": 10000
    }
},
{
    "model": "theater.position",
    "pk": 9,
    "fields": {
        "created_at": "2018-03-07T13:23:05.613Z",
        "updated_at": "2018-03-07T13:23:05.613Z",
        "title": "\u041c\u043e\u043d\u0442\u0438\u0440\u043e\u0432\u043e\u0447\u043d\u044b\u0439 \u0446\u0435\u0445",
        "weight": 10000
    }
},
{
    "model": "theater.position",
    "pk": 10,
    "fields": {
        "created_at": "2018-03-07T13:23:23.661Z",
        "updated_at": "2018-03-07T13:23:23.661Z",
        "title": "\u0410\u043a\u0442\u0451\u0440",
        "weight": 10000
    }
},
{
    "model": "theater.person",
    "pk": 1,
    "fields": {
        "created_at": "2018-03-07T13:09:50.868Z",
        "updated_at": "2018-03-07T13:09:50.868Z",
        "name": "\u0415\u043b\u0438\u0437\u0430\u0432\u0435\u0442\u0430 \u0411\u0435\u0441\u0441\u043e\u043a\u0438\u0440\u043d\u0430\u044f",
        "image": "",
        "position": 1
    }
},
{
    "model": "theater.person",
    "pk": 2,
    "fields": {
        "created_at": "2018-03-07T13:10:00.920Z",
        "updated_at": "2018-03-07T13:10:00.920Z",
        "name": "\u0412\u0430\u043b\u0435\u0440\u0438\u0439 \u0410\u043b\u0435\u043a\u0441\u0430\u043d\u0434\u0440\u0438\u043d",
        "image": "",
        "position": 2
    }
},
{
    "model": "theater.person",
    "pk": 3,
    "fields": {
        "created_at": "2018-03-07T13:10:13.312Z",
        "updated_at": "2018-03-07T13:10:13.312Z",
        "name": "\u0412\u0435\u0440\u043e\u043d\u0438\u043a\u0430 \u041f\u043e\u043b\u044f\u043a\u043e\u0432\u0430",
        "image": "",
        "position": 3
    }
},
{
    "model": "theater.person",
    "pk": 4,
    "fields": {
        "created_at": "2018-03-07T13:10:36.235Z",
        "updated_at": "2018-03-07T13:10:36.235Z",
        "name": "\u0415\u043b\u0435\u043d\u0430 \u0414\u043e\u0440\u0433\u0430\u0445\u043e\u0432\u0430",
        "image": "",
        "position": 4
    }
},
{
    "model": "theater.person",
    "pk": 5,
    "fields": {
        "created_at": "2018-03-07T13:21:55.109Z",
        "updated_at": "2018-03-07T13:21:55.109Z",
        "name": "\u0415\u043b\u0435\u043d\u0430 \u0412\u043e\u0440\u043e\u043d\u0446\u043e\u0432\u0430",
        "image": "",
        "position": 5
    }
},
{
    "model": "theater.person",
    "pk": 6,
    "fields": {
        "created_at": "2018-03-07T13:22:08.605Z",
        "updated_at": "2018-03-07T13:22:08.605Z",
        "name": "\u041d\u0430\u0442\u0430\u043b\u044c\u044f \u0417\u0430\u0439\u0446\u0435\u0432\u0430",
        "image": "",
        "position": 6
    }
},
{
    "model": "theater.person",
    "pk": 7,
    "fields": {
        "created_at": "2018-03-07T13:22:22.957Z",
        "updated_at": "2018-03-07T13:22:22.957Z",
        "name": "\u0410\u043b\u0435\u043a\u0441\u0435\u0439 \u041c\u0430\u0439\u043a\u043e",
        "image": "",
        "position": 7
    }
},
{
    "model": "theater.person",
    "pk": 8,
    "fields": {
        "created_at": "2018-03-07T13:22:39.021Z",
        "updated_at": "2018-03-07T13:22:39.021Z",
        "name": "\u0415\u043a\u0430\u0442\u0435\u0440\u0438\u043d\u0430 \u0410\u043b\u0435\u043a\u0441\u0430\u043d\u0434\u0440\u0438\u043d\u0430",
        "image": "",
        "position": 8
    }
},
{
    "model": "theater.person",
    "pk": 9,
    "fields": {
        "created_at": "2018-03-07T13:22:45.010Z",
        "updated_at": "2018-03-07T13:22:45.010Z",
        "name": "\u041b\u0438\u043d\u0430 \u042f\u0441\u0430\u0439\u0442\u0435",
        "image": "",
        "position": 8
    }
},
{
    "model": "theater.person",
    "pk": 10,
    "fields": {
        "created_at": "2018-03-07T13:22:53.365Z",
        "updated_at": "2018-03-07T13:22:53.365Z",
        "name": "\u0415\u043a\u0430\u0442\u0435\u0440\u0438\u043d\u0430 \u0413\u0430\u043d\u0438\u043d\u0430",
        "image": "",
        "position": 8
    }
},
{
    "model": "theater.person",
    "pk": 11,
    "fields": {
        "created_at": "2018-03-07T13:23:12.699Z",
        "updated_at": "2018-03-07T13:23:12.699Z",
        "name": "\u0410\u0440\u0442\u0451\u043c \u0412\u043e\u0440\u043e\u0431\u044c\u0451\u0432",
        "image": "",
        "position": 9
    }
},
{
    "model": "theater.person",
    "pk": 12,
    "fields": {
        "created_at": "2018-03-07T13:23:30.046Z",
        "updated_at": "2018-03-07T13:23:30.046Z",
        "name": "\u0414\u0430\u043d\u0438\u043b \u0412\u044b\u0441\u043e\u0446\u043a\u0438\u0439",
        "image": "",
        "position": 10
    }
},
{
    "model": "theater.person",
    "pk": 13,
    "fields": {
        "created_at": "2018-03-07T13:23:34.499Z",
        "updated_at": "2018-03-07T13:23:34.499Z",
        "name": "\u0410\u043b\u0435\u043a\u0441\u0430\u043d\u0434\u0440 \u041a\u043e\u0441\u0442\u0435\u043b\u043e\u0432",
        "image": "",
        "position": 10
    }
},
{
    "model": "theater.person",
    "pk": 14,
    "fields": {
        "created_at": "2018-03-07T13:23:43.303Z",
        "updated_at": "2018-03-07T13:23:51.494Z",
        "name": "\u0418\u0433\u043e\u0440\u044c \u0426\u0432\u0435\u0442\u043a\u043e\u0432",
        "image": "",
        "position": 10
    }
},
{
    "model": "theater.person",
    "pk": 15,
    "fields": {
        "created_at": "2018-03-07T13:24:07.222Z",
        "updated_at": "2018-03-07T13:24:07.222Z",
        "name": "\u0410\u043d\u0430\u0441\u0442\u0430\u0441\u0438\u044f \u0416\u0443\u0447\u043a\u043e\u0432\u0430",
        "image": "",
        "position": 10
    }
},
{
    "model": "theater.person",
    "pk": 16,
    "fields": {
        "created_at": "2018-03-07T13:24:16.240Z",
        "updated_at": "2018-03-07T13:24:16.240Z",
        "name": "\u0412\u043b\u0430\u0434\u0438\u043c\u0438\u0440 \u0421\u043e\u043b\u043e\u0432\u044c\u0451\u0432",
        "image": "",
        "position": 10
    }
},
{
    "model": "theater.genre",
    "pk": 1,
    "fields": {
        "created_at": "2018-03-07T13:43:04.777Z",
        "updated_at": "2018-03-07T13:43:04.777Z",
        "title": "\u0421\u043a\u0430\u0437\u043a\u0430"
    }
},
{
    "model": "theater.play",
    "pk": 1,
    "fields": {
        "meta_h1": null,
        "meta_title": null,
        "meta_keywords": null,
        "meta_description": "",
        "created_at": "2018-03-07T13:49:06.696Z",
        "updated_at": "2018-03-07T13:49:06.696Z",
        "title": "\u0412 \u0433\u043e\u0441\u0442\u044f\u0445 \u0443 \u0418\u0432\u0430\u043d\u0430",
        "genre": 1,
        "duration": "01:30:00",
        "text": "<p>\u0421\u043a\u0430\u0437\u043a\u0430 <strong>&quot;\u0412 \u0433\u043e\u0441\u0442\u044f\u0445 \u0443 \u0418\u0432\u0430\u043d\u0430&quot;</strong> \u043f\u0440\u0435\u0434\u0441\u0442\u0430\u0432\u043b\u044f\u0435\u0442 \u0441\u043e\u0431\u043e\u0439 \u0432\u044b\u0441\u043e\u043a\u043e\u0445\u0443\u0434\u043e\u0436\u0435\u0441\u0442\u0432\u0435\u043d\u043d\u0443\u044e &quot;\u0438\u043d\u0444\u043e\u0440\u043c\u0430\u0446\u0438\u043e\u043d\u043d\u0443\u044e \u0431\u043e\u043c\u0431\u0443&quot;. \u0412\u043d\u0443\u0448\u0438\u0442\u0435\u043b\u044c\u043d\u044b\u0439 \u043e\u0431\u044a\u0451\u043c \u0438\u043d\u0444\u043e\u0440\u043c\u0430\u0446\u0438\u0438 \u0442\u0440\u0430\u043d\u0441\u043b\u0438\u0440\u0443\u0435\u043c\u043e\u0439 \u0437\u0440\u0438\u0442\u0435\u043b\u044e \u043c\u043e\u043c\u0435\u043d\u0442\u0430\u043b\u044c\u043d\u043e \u0443\u0441\u0432\u0430\u0438\u0432\u0430\u0435\u0442\u0441\u044f \u0438 \u043e\u0442\u043a\u043b\u0430\u0434\u044b\u0432\u0430\u0435\u0442\u0441\u044f \u0432 \u043f\u043e\u0434\u0441\u043e\u0437\u043d\u0430\u043d\u0438\u0438, \u0431\u043b\u0430\u0433\u043e\u0434\u0430\u0440\u044f \u043b\u0451\u0433\u043a\u043e\u0439, \u0438\u0433\u0440\u043e\u0432\u043e\u0439 \u0444\u043e\u0440\u043c\u0435 \u043f\u043e\u0434\u0430\u0447\u0438. \u0421\u043f\u0435\u043a\u0442\u0430\u043a\u043b\u044c \u043f\u043e\u043b\u0443\u0447\u0438\u043b \u0432\u044b\u0441\u043e\u043a\u0443\u044e \u043e\u0446\u0435\u043d\u043a\u0443 \u043f\u0440\u043e\u0444\u0435\u0441\u0441\u0438\u043e\u043d\u0430\u043b\u044c\u043d\u043e\u0433\u043e \u0442\u0435\u0430\u0442\u0440\u0430\u043b\u044c\u043d\u043e\u0433\u043e \u0441\u043e\u043e\u0431\u0449\u0435\u0441\u0442\u0432\u0430 (\u043f\u043e\u0431\u0435\u0434\u0430 \u0432 \u0434\u0432\u0443\u0445 \u043d\u043e\u043c\u0438\u043d\u0430\u0446\u0438\u044f\u0445 \u0442\u0435\u0430\u0442\u0440\u0430\u043b\u044c\u043d\u043e\u0433\u043e \u0444\u0435\u0441\u0442\u0438\u0432\u0430\u043b\u044f &quot;\u0421\u043a\u0430\u0437\u043e\u0447\u043d\u043e\u0435 \u043a\u043e\u0440\u043e\u043b\u0435\u0432\u0441\u0442\u0432\u043e 2017&quot;), \u0430 \u0442\u0430\u043a\u0436\u0435 \u0440\u0443\u043a\u043e\u0432\u043e\u0434\u0438\u0442\u0435\u043b\u0435\u0439 \u0438 \u0443\u0447\u0430\u0449\u0438\u0445\u0441\u044f \u0434\u0435\u0442\u0441\u043a\u0438\u0445 \u043e\u0431\u0440\u0430\u0437\u043e\u0432\u0430\u0442\u0435\u043b\u044c\u043d\u044b\u0445 \u0443\u0447\u0440\u0435\u0436\u0434\u0435\u043d\u0438\u0439. \u041f\u043e\u043b\u0443\u0447\u0435\u043d\u0430 \u043c\u0430\u0441\u0441\u0430 \u0431\u043b\u0430\u0433\u043e\u0434\u0430\u0440\u043d\u043e\u0441\u0442\u0435\u0439 \u043e\u0442 \u0440\u0430\u0437\u043b\u0438\u0447\u043d\u044b\u0445 \u0443\u0447\u0440\u0435\u0436\u0434\u0435\u043d\u0438\u0439 \u0438 \u043c\u043d\u043e\u0436\u0435\u0441\u0442\u0432\u043e \u043e\u0442\u0437\u044b\u0432\u043e\u0432 \u043e\u0442 \u0437\u0440\u0438\u0442\u0435\u043b\u0435\u0439.</p>"
    }
},
{
    "model": "theater.playproperty",
    "pk": 1,
    "fields": {
        "created_at": "2018-03-07T13:49:06.709Z",
        "updated_at": "2018-03-07T13:49:06.709Z",
        "play": 1,
        "key": "\u0410\u0432\u0442\u043e\u0440 \u0441\u043a\u0430\u0437\u043a\u0438",
        "value": "\u0415\u043b\u0438\u0437\u0430\u0432\u0435\u0442\u0430 \u0411\u0435\u0441\u0441\u043e\u043a\u0438\u0440\u043d\u0430\u044f"
    }
},
{
    "model": "theater.playproperty",
    "pk": 2,
    "fields": {
        "created_at": "2018-03-07T13:49:06.720Z",
        "updated_at": "2018-03-07T13:49:06.720Z",
        "play": 1,
        "key": "\u0420\u0435\u0436\u0438\u0441\u0441\u0451\u0440",
        "value": "\u0412\u0430\u043b\u0435\u0440\u0438\u0439 \u0410\u043b\u0435\u043a\u0441\u0430\u043d\u0434\u0440\u0438\u043d"
    }
},
{
    "model": "theater.playproperty",
    "pk": 3,
    "fields": {
        "created_at": "2018-03-07T13:49:06.730Z",
        "updated_at": "2018-03-07T13:49:06.730Z",
        "play": 1,
        "key": "\u0413\u043b\u0430\u0432\u043d\u044b\u0439 \u0445\u0443\u0434\u043e\u0436\u043d\u0438\u043a",
        "value": "\u0412\u0435\u0440\u043e\u043d\u0438\u043a\u0430 \u041f\u043e\u043b\u044f\u043a\u043e\u0432\u0430"
    }
},
{
    "model": "theater.playproperty",
    "pk": 4,
    "fields": {
        "created_at": "2018-03-07T13:49:06.740Z",
        "updated_at": "2018-03-07T13:49:06.740Z",
        "play": 1,
        "key": "\u0425\u0443\u0434\u043e\u0436\u043d\u0438\u043a-\u0434\u0435\u043a\u043e\u0440\u0430\u0442\u043e\u0440",
        "value": "\u0415\u043b\u0435\u043d\u0430 \u0414\u043e\u0440\u0433\u0430\u0445\u043e\u0432\u0430"
    }
},
{
    "model": "theater.playproperty",
    "pk": 5,
    "fields": {
        "created_at": "2018-03-07T13:49:06.751Z",
        "updated_at": "2018-03-07T13:49:06.751Z",
        "play": 1,
        "key": "\u0425\u0443\u0434\u043e\u0436\u043d\u0438\u043a-\u0442\u0435\u0445\u043d\u043e\u043b\u043e\u0433",
        "value": "\u0415\u043b\u0435\u043d\u0430 \u0412\u043e\u0440\u043e\u043d\u0446\u043e\u0432\u0430"
    }
},
{
    "model": "theater.playproperty",
    "pk": 6,
    "fields": {
        "created_at": "2018-03-07T13:49:06.761Z",
        "updated_at": "2018-03-07T13:49:06.761Z",
        "play": 1,
        "key": "\u0425\u0443\u0434\u043e\u0436\u043d\u0438\u043a \u043f\u043e \u043a\u043e\u0441\u0442\u044e\u043c\u0430\u043c",
        "value": "\u041d\u0430\u0442\u0430\u043b\u044c\u044f \u0417\u0430\u0439\u0446\u0435\u0432\u0430"
    }
},
{
    "model": "theater.playproperty",
    "pk": 7,
    "fields": {
        "created_at": "2018-03-07T13:49:06.771Z",
        "updated_at": "2018-03-07T13:49:06.771Z",
        "play": 1,
        "key": "\u0425\u0443\u0434\u043e\u0436\u043d\u0438\u043a \u043f\u043e \u0441\u0432\u0435\u0442\u0443",
        "value": "\u0410\u043b\u0435\u043a\u0441\u0435\u0439 \u041c\u0430\u0439\u043a\u043e"
    }
},
{
    "model": "theater.playproperty",
    "pk": 8,
    "fields": {
        "created_at": "2018-03-07T13:49:06.781Z",
        "updated_at": "2018-03-07T13:49:06.781Z",
        "play": 1,
        "key": "\u0417\u0432\u0443\u043a\u043e\u0440\u0435\u0436\u0438\u0441\u0441\u0451\u0440",
        "value": "\u0415\u043a\u0430\u0442\u0435\u0440\u0438\u043d\u0430 \u0410\u043b\u0435\u043a\u0441\u0430\u043d\u0434\u0440\u0438\u043d\u0430, \u041b\u0438\u043d\u0430 \u042f\u0441\u0430\u0439\u0442\u0435, \u0415\u043a\u0430\u0442\u0435\u0440\u0438\u043d\u0430 \u0413\u0430\u043d\u0438\u043d\u0430"
    }
},
{
    "model": "theater.playphoto",
    "pk": 1,
    "fields": {
        "created_at": "2018-03-07T13:49:06.791Z",
        "updated_at": "2018-03-07T13:49:06.791Z",
        "image": "plays/1/0.jpg",
        "play": 1,
        "is_visible": true
    }
},
{
    "model": "theater.playphoto",
    "pk": 2,
    "fields": {
        "created_at": "2018-03-07T13:49:06.831Z",
        "updated_at": "2018-03-07T13:49:06.831Z",
        "image": "plays/1/1.jpg",
        "play": 1,
        "is_visible": true
    }
},
{
    "model": "theater.playphoto",
    "pk": 3,
    "fields": {
        "created_at": "2018-03-07T13:49:06.850Z",
        "updated_at": "2018-03-07T13:49:06.850Z",
        "image": "plays/1/2.jpg",
        "play": 1,
        "is_visible": true
    }
},
{
    "model": "theater.playphoto",
    "pk": 4,
    "fields": {
        "created_at": "2018-03-07T13:49:06.869Z",
        "updated_at": "2018-03-07T13:49:06.869Z",
        "image": "plays/1/3.jpg",
        "play": 1,
        "is_visible": true
    }
},
{
    "model": "theater.playphoto",
    "pk": 5,
    "fields": {
        "created_at": "2018-03-07T13:49:06.888Z",
        "updated_at": "2018-03-07T13:49:06.888Z",
        "image": "plays/1/4.jpg",
        "play": 1,
        "is_visible": true
    }
},
{
    "model": "theater.playphoto",
    "pk": 6,
    "fields": {
        "created_at": "2018-03-07T13:49:06.906Z",
        "updated_at": "2018-03-07T13:49:06.906Z",
        "image": "plays/1/5.jpg",
        "play": 1,
        "is_visible": true
    }
},
{
    "model": "theater.playphoto",
    "pk": 7,
    "fields": {
        "created_at": "2018-03-07T13:49:06.924Z",
        "updated_at": "2018-03-07T13:49:06.924Z",
        "image": "plays/1/6.jpg",
        "play": 1,
        "is_visible": true
    }
},
{
    "model": "theater.playphoto",
    "pk": 8,
    "fields": {
        "created_at": "2018-03-07T13:49:06.943Z",
        "updated_at": "2018-03-07T13:49:06.943Z",
        "image": "plays/1/7.jpg",
        "play": 1,
        "is_visible": true
    }
},
{
    "model": "theater.playphoto",
    "pk": 9,
    "fields": {
        "created_at": "2018-03-07T13:49:06.961Z",
        "updated_at": "2018-03-07T13:49:06.961Z",
        "image": "plays/1/8.jpg",
        "play": 1,
        "is_visible": true
    }
},
{
    "model": "theater.playphoto",
    "pk": 10,
    "fields": {
        "created_at": "2018-03-07T13:49:06.979Z",
        "updated_at": "2018-03-07T13:49:06.979Z",
        "image": "plays/1/9.jpg",
        "play": 1,
        "is_visible": true
    }
},
{
    "model": "theater.personplayrole",
    "pk": 1,
    "fields": {
        "person": 12,
        "play": 1,
        "role": "\u0418\u0432\u0430\u043d",
        "text": "\u0410\u043a\u0442\u0451\u0440 \u0421\u0435\u0432\u0430\u0441\u0442\u043e\u043f\u043e\u043b\u044c\u0441\u043a\u043e\u0433\u043e \u0442\u0435\u0430\u0442\u0440\u0430 \u044e\u043d\u043e\u0433\u043e \u0437\u0440\u0438\u0442\u0435\u043b\u044f"
    }
},
{
    "model": "theater.personplayrole",
    "pk": 2,
    "fields": {
        "person": 13,
        "play": 1,
        "role": "\u0420\u043e\u0431\u043e\u0442-\u0445\u043e\u0431\u043e\u0442",
        "text": "\u0410\u043a\u0442\u0451\u0440 \u0421\u0435\u0432\u0430\u0441\u0442\u043e\u043f\u043e\u043b\u044c\u0441\u043a\u043e\u0433\u043e \u0442\u0435\u0430\u0442\u0440\u0430 \u044e\u043d\u043e\u0433\u043e \u0437\u0440\u0438\u0442\u0435\u043b\u044f"
    }
},
{
    "model": "theater.personplayrole",
    "pk": 3,
    "fields": {
        "person": 14,
        "play": 1,
        "role": "\u0420\u043e\u0431\u043e\u0442-\u0445\u043e\u0431\u043e\u0442",
        "text": "\u0410\u043a\u0442\u0451\u0440 \u0421\u0435\u0432\u0430\u0441\u0442\u043e\u043f\u043e\u043b\u044c\u0441\u043a\u043e\u0433\u043e \u0442\u0435\u0430\u0442\u0440\u0430 \u044e\u043d\u043e\u0433\u043e \u0437\u0440\u0438\u0442\u0435\u043b\u044f"
    }
},
{
    "model": "theater.personplayrole",
    "pk": 4,
    "fields": {
        "person": 1,
        "play": 1,
        "role": "\u042f\u0433\u0438\u043d\u044f, \u041c\u043e\u0447\u0430\u043b\u043a\u0430",
        "text": "\u0410\u043a\u0442\u0451\u0440 \u0421\u0435\u0432\u0430\u0441\u0442\u043e\u043f\u043e\u043b\u044c\u0441\u043a\u043e\u0433\u043e \u0442\u0435\u0430\u0442\u0440\u0430 \u044e\u043d\u043e\u0433\u043e \u0437\u0440\u0438\u0442\u0435\u043b\u044f"
    }
},
{
    "model": "theater.personplayrole",
    "pk": 5,
    "fields": {
        "person": 15,
        "play": 1,
        "role": "\u042f\u0433\u0438\u043d\u044f, \u041c\u043e\u0447\u0430\u043b\u043a\u0430, \u041f\u043e\u043b\u0438\u044d\u0442\u0438\u043b\u0435\u043d",
        "text": "\u0410\u043a\u0442\u0451\u0440 \u0421\u0435\u0432\u0430\u0441\u0442\u043e\u043f\u043e\u043b\u044c\u0441\u043a\u043e\u0433\u043e \u0442\u0435\u0430\u0442\u0440\u0430 \u044e\u043d\u043e\u0433\u043e \u0437\u0440\u0438\u0442\u0435\u043b\u044f"
    }
},
{
    "model": "theater.personplayrole",
    "pk": 6,
    "fields": {
        "person": 16,
        "play": 1,
        "role": "\u041b\u0435\u0441\u043e\u0432\u043e\u0439",
        "text": "\u0410\u043a\u0442\u0451\u0440 \u0421\u0435\u0432\u0430\u0441\u0442\u043e\u043f\u043e\u043b\u044c\u0441\u043a\u043e\u0433\u043e \u0442\u0435\u0430\u0442\u0440\u0430 \u044e\u043d\u043e\u0433\u043e \u0437\u0440\u0438\u0442\u0435\u043b\u044f"
    }
},
{
    "model": "theater.personplayrole",
    "pk": 7,
    "fields": {
        "person": 2,
        "play": 1,
        "role": "\u041b\u0435\u0441\u043e\u0432\u043e\u0439",
        "text": "\u0410\u043a\u0442\u0451\u0440 \u0421\u0435\u0432\u0430\u0441\u0442\u043e\u043f\u043e\u043b\u044c\u0441\u043a\u043e\u0433\u043e \u0442\u0435\u0430\u0442\u0440\u0430 \u044e\u043d\u043e\u0433\u043e \u0437\u0440\u0438\u0442\u0435\u043b\u044f"
    }
},
{
    "model": "theater.personplayrole",
    "pk": 8,
    "fields": {
        "person": 11,
        "play": 1,
        "role": "\u041f\u043e\u043b\u0438\u044d\u0442\u0438\u043b\u0435\u043d",
        "text": "\u0410\u043a\u0442\u0451\u0440 \u0421\u0435\u0432\u0430\u0441\u0442\u043e\u043f\u043e\u043b\u044c\u0441\u043a\u043e\u0433\u043e \u0442\u0435\u0430\u0442\u0440\u0430 \u044e\u043d\u043e\u0433\u043e \u0437\u0440\u0438\u0442\u0435\u043b\u044f"
    }
},
{
    "model": "theater.personplayrole",
    "pk": 9,
    "fields": {
        "person": 10,
        "play": 1,
        "role": "\u041f\u043e\u043b\u0438\u044d\u0442\u0438\u043b\u0435\u043d",
        "text": "\u0410\u043a\u0442\u0451\u0440 \u0421\u0435\u0432\u0430\u0441\u0442\u043e\u043f\u043e\u043b\u044c\u0441\u043a\u043e\u0433\u043e \u0442\u0435\u0430\u0442\u0440\u0430 \u044e\u043d\u043e\u0433\u043e \u0437\u0440\u0438\u0442\u0435\u043b\u044f"
    }
},
{
    "model": "mit_calendar.event",
    "pk": 1,
    "fields": {
        "meta_h1": null,
        "meta_title": null,
        "meta_keywords": null,
        "meta_description": "",
        "created_at": "2018-03-07T13:52:04.411Z",
        "updated_at": "2018-03-09T10:18:22.140Z",
        "play": 1,
        "date": "2017-04-02",
        "time": "18:00:00",
        "place": "\u041b\u0435\u043d\u0438\u043d\u0441\u043a\u0438\u0439",
        "address": "\u043f\u0440\u043e\u0441\u043f\u0435\u043a\u0442 \u041d\u0430\u0445\u0438\u043c\u043e\u0432\u0430, 4",
        "latitude": 44.6172175,
        "longitude": 33.5265439,
        "color": "#39866b",
        "visitors_count": 25,
        "text": "",
        "is_enabled": true
    }
},
{
    "model": "mit_calendar.event",
    "pk": 2,
    "fields": {
        "meta_h1": null,
        "meta_title": null,
        "meta_keywords": null,
        "meta_description": null,
        "created_at": "2018-03-07T13:53:08.104Z",
        "updated_at": "2018-03-07T13:55:53.302Z",
        "play": 1,
        "date": "2018-04-09",
        "time": "18:00:00",
        "place": "\u0413\u0430\u0433\u0430\u0440\u0438\u043d\u0441\u043a\u0438\u0439 (\u0422\u042e\u0417)",
        "address": "\u0443\u043b\u0438\u0446\u0430 \u0413\u0430\u0433\u0430\u0440\u0438\u043d\u0430, 16",
        "latitude": 44.6005048,
        "longitude": 33.4862149,
        "color": "#ff80c0",
        "visitors_count": 25,
        "text": null,
        "is_enabled": true
    }
},
{
    "model": "mit_calendar.event",
    "pk": 3,
    "fields": {
        "meta_h1": null,
        "meta_title": null,
        "meta_keywords": null,
        "meta_description": null,
        "created_at": "2018-03-07T13:54:21.167Z",
        "updated_at": "2018-03-07T13:55:43.041Z",
        "play": 1,
        "date": "2018-04-26",
        "time": "18:00:00",
        "place": "\u041d\u0430\u0445\u0438\u043c\u043e\u0432\u0441\u043a\u0438\u0439 (\u043a\u043e\u0440\u0430\u0431\u0435\u043b)",
        "address": "\u0443\u043b\u0438\u0446\u0430 \u0420\u0430\u0431\u043e\u0447\u0430\u044f, 2",
        "latitude": 44.6106169,
        "longitude": 33.5399215,
        "color": "#0080ff",
        "visitors_count": 25,
        "text": null,
        "is_enabled": true
    }
},
{
    "model": "mit_calendar.event",
    "pk": 4,
    "fields": {
        "meta_h1": null,
        "meta_title": null,
        "meta_keywords": null,
        "meta_description": null,
        "created_at": "2018-03-07T13:55:27.620Z",
        "updated_at": "2018-03-07T13:55:27.620Z",
        "play": 1,
        "date": "2018-04-30",
        "time": "18:00:00",
        "place": "\u0412\u0435\u0440\u0445\u043d\u0435\u0441\u0430\u0434\u043e\u0432\u043e\u0435",
        "address": "\u0443\u043b\u0438\u0446\u0430 \u0421\u0435\u0432\u0430\u0441\u0442\u043e\u043f\u043e\u043b\u044c\u0441\u043a\u0430\u044f, 53",
        "latitude": 44.6878324,
        "longitude": 33.7026963,
        "color": "#ff8080",
        "visitors_count": 25,
        "text": null,
        "is_enabled": true
    }
},
{
    "model": "mit_calendar.event",
    "pk": 5,
    "fields": {
        "meta_h1": null,
        "meta_title": null,
        "meta_keywords": null,
        "meta_description": null,
        "created_at": "2018-03-07T13:57:18.374Z",
        "updated_at": "2018-03-07T13:57:22.597Z",
        "play": 1,
        "date": "2018-05-14",
        "time": "18:00:00",
        "place": "\u0422\u0435\u0440\u043d\u043e\u0432\u043a\u0430",
        "address": "\u0443\u043b\u0438\u0446\u0430 \u041b\u0435\u043d\u0438\u043d\u0430, 7",
        "latitude": 44.6138472,
        "longitude": 33.5254303,
        "color": "#804040",
        "visitors_count": 25,
        "text": null,
        "is_enabled": true
    }
},
{
    "model": "mit_calendar.event",
    "pk": 6,
    "fields": {
        "meta_h1": null,
        "meta_title": null,
        "meta_keywords": null,
        "meta_description": null,
        "created_at": "2018-03-07T13:59:12.237Z",
        "updated_at": "2018-03-07T13:59:12.237Z",
        "play": 1,
        "date": "2018-05-28",
        "time": "18:00:00",
        "place": "\u0411\u0430\u043b\u0430\u043a\u043b\u0430\u0432\u0441\u043a\u0438\u0439 \u0414\u041a \u0421\u0435\u0432\u0430\u0441\u0442\u043e\u043f\u043e\u043b\u044c\u0441\u043a\u0438\u0439",
        "address": "\u0443\u043b\u0438\u0446\u0430 \u0422\u0435\u043c\u0435\u0440\u044f\u0437\u0435\u0432\u0430, 23",
        "latitude": 44.5738307,
        "longitude": 33.6766146,
        "color": "#ff8040",
        "visitors_count": 25,
        "text": null,
        "is_enabled": true
    }
},
{
    "model": "mit_calendar.event",
    "pk": 7,
    "fields": {
        "meta_h1": null,
        "meta_title": null,
        "meta_keywords": null,
        "meta_description": null,
        "created_at": "2018-03-07T14:01:49.994Z",
        "updated_at": "2018-03-07T14:02:13.204Z",
        "play": 1,
        "date": "2018-06-04",
        "time": "18:00:00",
        "place": "\u041e\u0440\u043b\u0438\u043d\u043e\u0435",
        "address": "\u0443\u043b\u0438\u0446\u0430 \u0422\u044e\u043a\u043e\u0432\u0430, 63",
        "latitude": 44.4484497,
        "longitude": 33.7727728,
        "color": "#008000",
        "visitors_count": 25,
        "text": null,
        "is_enabled": true
    }
},
{
    "model": "mit_calendar.event",
    "pk": 8,
    "fields": {
        "meta_h1": null,
        "meta_title": null,
        "meta_keywords": null,
        "meta_description": null,
        "created_at": "2018-03-07T14:03:25.533Z",
        "updated_at": "2018-03-07T14:03:25.533Z",
        "play": 1,
        "date": "2018-06-11",
        "time": "18:00:00",
        "place": "\u0418\u043d\u043a\u0435\u0440\u043c\u0430\u043d",
        "address": "\u0443\u043b\u0438\u0446\u0430 \u0420\u0430\u0435\u043d\u043a\u043e, 1",
        "latitude": 44.6139929,
        "longitude": 33.6078688,
        "color": "#000040",
        "visitors_count": 25,
        "text": null,
        "is_enabled": true
    }
},
{
    "model": "mit_calendar.event",
    "pk": 9,
    "fields": {
        "meta_h1": null,
        "meta_title": null,
        "meta_keywords": null,
        "meta_description": null,
        "created_at": "2018-03-07T14:05:21.571Z",
        "updated_at": "2018-03-07T14:05:21.571Z",
        "play": 1,
        "date": "2018-06-18",
        "time": "18:00:00",
        "place": "\u041b\u044e\u0431\u0438\u043c\u043e\u0432\u043a\u0430",
        "address": "\u0443\u043b\u0438\u0446\u0430 \u0421.\u041f\u0435\u0440\u043e\u0432\u0441\u043a\u043e\u0439, 10",
        "latitude": 44.6690037,
        "longitude": 33.5542714,
        "color": "#28abd7",
        "visitors_count": 25,
        "text": null,
        "is_enabled": true
    }
},
{
    "model": "mit_calendar.event",
    "pk": 10,
    "fields": {
        "meta_h1": null,
        "meta_title": null,
        "meta_keywords": null,
        "meta_description": null,
        "created_at": "2018-03-07T14:06:43.389Z",
        "updated_at": "2018-03-07T14:30:50.136Z",
        "play": 1,
        "date": "2018-06-25",
        "time": "18:00:00",
        "place": "\u0410\u043d\u0434\u0440\u0435\u0435\u0432\u043a\u0430",
        "address": "\u0443\u043b\u0438\u0446\u0430 \u0426\u0435\u043d\u0442\u0440\u0430\u043b\u044c\u043d\u0430\u044f, 24",
        "latitude": 44.8176512,
        "longitude": 33.561083,
        "color": "#004000",
        "visitors_count": 25,
        "text": "<p>\u0422\u0435\u043a\u0441\u0442 \u043e \u043c\u0435\u0440\u043e\u043f\u0440\u0438\u044f\u0442\u0438\u0438. Phasellus viverra nulla ut metus varius laoreet. Quisque rutrum. Aenean imperdiet. Etiam ultricies nisi vel augue. Curabitur ullamcorper ultricies nisi. Nam eget dui. Etiam rhoncus. Phasellus viverra nulla ut metus varius laoreet. Quisque rutrum. Aenean imperdiet. Etiam ultricies nisi vel augue. Curabitur ullamcorper ultricies nisi. Nam eget dui. Etiam rhoncus.</p>",
        "is_enabled": true
    }
},
{
    "model": "mit_calendar.spectator",
    "pk": 1,
    "fields": {
        "created_at": "2018-03-07T18:06:40.368Z",
        "updated_at": "2018-03-07T18:06:40.368Z",
        "event": 1,
        "username": "123",
        "phone": "123",
        "email": "alex.mon1989@gmail.com"
    }
},
{
    "model": "mit_calendar.spectator",
    "pk": 2,
    "fields": {
        "created_at": "2018-03-07T18:07:26.210Z",
        "updated_at": "2018-03-07T18:07:26.210Z",
        "event": 1,
        "username": "123",
        "phone": "123",
        "email": "alex.mon1989@gmail.com"
    }
},
{
    "model": "mit_calendar.spectator",
    "pk": 3,
    "fields": {
        "created_at": "2018-03-07T18:07:36.254Z",
        "updated_at": "2018-03-07T18:07:36.254Z",
        "event": 1,
        "username": "123",
        "phone": "123",
        "email": "alex.mon1989@gmail.com"
    }
},
{
    "model": "mit_calendar.spectator",
    "pk": 4,
    "fields": {
        "created_at": "2018-03-07T19:42:21.722Z",
        "updated_at": "2018-03-07T19:42:21.722Z",
        "event": 1,
        "username": "\u0422\u0435\u0441\u0442\u043e\u0432\u044b\u0439 \u0437\u0440\u0438\u0442\u0435\u043b\u044c",
        "phone": "123456789",
        "email": "alex.mon1989@gmail.com"
    }
},
{
    "model": "mit_calendar.spectator",
    "pk": 5,
    "fields": {
        "created_at": "2018-03-07T19:42:31.020Z",
        "updated_at": "2018-03-07T19:42:31.020Z",
        "event": 1,
        "username": "\u0422\u0435\u0441\u0442\u043e\u0432\u044b\u0439 \u0437\u0440\u0438\u0442\u0435\u043b\u044c",
        "phone": "123456789",
        "email": "alex.mon1989@gmail.com"
    }
},
{
    "model": "mit_calendar.spectator",
    "pk": 6,
    "fields": {
        "created_at": "2018-03-07T19:43:37.450Z",
        "updated_at": "2018-03-07T19:43:37.450Z",
        "event": 1,
        "username": "\u0422\u0435\u0441\u0442\u043e\u0432\u044b\u0439 \u0437\u0440\u0438\u0442\u0435\u043b\u044c",
        "phone": "123456789",
        "email": "alex.mon1989@gmail.com"
    }
},
{
    "model": "mit_calendar.spectator",
    "pk": 7,
    "fields": {
        "created_at": "2018-03-07T19:45:36.299Z",
        "updated_at": "2018-03-07T19:45:36.299Z",
        "event": 1,
        "username": "\u0422\u0435\u0441\u0442\u043e\u0432\u044b\u0439 \u0437\u0440\u0438\u0442\u0435\u043b\u044c",
        "phone": "123456789",
        "email": "alex.mon1989@gmail.com"
    }
},
{
    "model": "mit_calendar.spectator",
    "pk": 8,
    "fields": {
        "created_at": "2018-03-07T19:47:23.614Z",
        "updated_at": "2018-03-07T19:47:23.615Z",
        "event": 1,
        "username": "123",
        "phone": "123",
        "email": "alex.mon1989@gmail.com"
    }
},
{
    "model": "mit_calendar.spectator",
    "pk": 9,
    "fields": {
        "created_at": "2018-03-08T10:16:35.621Z",
        "updated_at": "2018-03-08T10:16:35.621Z",
        "event": 1,
        "username": "123",
        "phone": "123",
        "email": "alex.mon1989@gmail.com"
    }
},
{
    "model": "mit_calendar.spectator",
    "pk": 10,
    "fields": {
        "created_at": "2018-03-08T10:39:50.882Z",
        "updated_at": "2018-03-08T10:39:50.882Z",
        "event": 1,
        "username": "123",
        "phone": "123",
        "email": "alex.mon1989@gmail.com"
    }
},
{
    "model": "mit_calendar.eventphoto",
    "pk": 1,
    "fields": {
        "created_at": "2018-03-09T09:38:52.300Z",
        "updated_at": "2018-03-09T09:38:52.300Z",
        "image": "events/1/0.jpg",
        "event": 1,
        "is_visible": true
    }
},
{
    "model": "mit_calendar.eventphoto",
    "pk": 2,
    "fields": {
        "created_at": "2018-03-09T09:38:52.349Z",
        "updated_at": "2018-03-09T09:38:52.349Z",
        "image": "events/1/1.jpg",
        "event": 1,
        "is_visible": true
    }
},
{
    "model": "mit_calendar.eventphoto",
    "pk": 3,
    "fields": {
        "created_at": "2018-03-09T09:38:52.372Z",
        "updated_at": "2018-03-09T09:38:52.372Z",
        "image": "events/1/2.jpg",
        "event": 1,
        "is_visible": true
    }
},
{
    "model": "mit_calendar.eventphoto",
    "pk": 4,
    "fields": {
        "created_at": "2018-03-09T09:38:52.393Z",
        "updated_at": "2018-03-09T09:38:52.393Z",
        "image": "events/1/3.jpg",
        "event": 1,
        "is_visible": true
    }
},
{
    "model": "mit_calendar.eventphoto",
    "pk": 5,
    "fields": {
        "created_at": "2018-03-09T09:38:52.414Z",
        "updated_at": "2018-03-09T09:38:52.414Z",
        "image": "events/1/4.jpg",
        "event": 1,
        "is_visible": true
    }
},
{
    "model": "mit_calendar.eventphoto",
    "pk": 6,
    "fields": {
        "created_at": "2018-03-09T09:38:52.439Z",
        "updated_at": "2018-03-09T09:38:52.439Z",
        "image": "events/1/5.jpg",
        "event": 1,
        "is_visible": true
    }
},
{
    "model": "mit_calendar.eventphoto",
    "pk": 7,
    "fields": {
        "created_at": "2018-03-09T09:38:52.460Z",
        "updated_at": "2018-03-09T09:38:52.460Z",
        "image": "events/1/6.jpg",
        "event": 1,
        "is_visible": true
    }
},
{
    "model": "mit_calendar.eventphoto",
    "pk": 8,
    "fields": {
        "created_at": "2018-03-09T09:38:52.481Z",
        "updated_at": "2018-03-09T09:38:52.481Z",
        "image": "events/1/7.jpg",
        "event": 1,
        "is_visible": true
    }
},
{
    "model": "mit_calendar.eventphoto",
    "pk": 9,
    "fields": {
        "created_at": "2018-03-09T09:38:52.502Z",
        "updated_at": "2018-03-09T09:38:52.502Z",
        "image": "events/1/8.jpg",
        "event": 1,
        "is_visible": true
    }
},
{
    "model": "mit_calendar.eventphoto",
    "pk": 10,
    "fields": {
        "created_at": "2018-03-09T09:38:52.524Z",
        "updated_at": "2018-03-09T09:38:52.524Z",
        "image": "events/1/9.jpg",
        "event": 1,
        "is_visible": true
    }
},
{
    "model": "mit_calendar.eventphoto",
    "pk": 11,
    "fields": {
        "created_at": "2018-03-09T09:38:52.545Z",
        "updated_at": "2018-03-09T09:38:52.545Z",
        "image": "events/1/10.jpg",
        "event": 1,
        "is_visible": true
    }
},
{
    "model": "mit_calendar.eventvideo",
    "pk": 1,
    "fields": {
        "created_at": "2018-03-09T09:38:52.566Z",
        "updated_at": "2018-03-09T09:38:52.566Z",
        "youtube_id": "a4fv-BtzNmY",
        "event": 1,
        "is_visible": true
    }
},
{
    "model": "news.news",
    "pk": 1,
    "fields": {
        "meta_h1": null,
        "meta_title": null,
        "meta_keywords": null,
        "meta_description": "",
        "created_at": "2018-03-09T12:21:25.574Z",
        "updated_at": "2018-03-09T12:21:25.574Z",
        "title": "\u0421\u0442\u0430\u0440\u0442 \u043f\u0440\u043e\u0435\u043a\u0442\u0430 \u0441\u043e\u0432\u0441\u0435\u043c \u0441\u043a\u043e\u0440\u043e!",
        "slug": "start-proekta-sovsem-skoro",
        "text": "<p>\u0414\u0440\u0443\u0437\u044c\u044f! \u041a\u0430\u043a \u043c\u044b \u0443\u0436\u0435 \u0443\u043f\u043e\u043c\u0438\u043d\u0430\u043b\u0438 - \u0441\u043e\u0432\u0441\u0435\u043c \u0441\u043a\u043e\u0440\u043e \u0441\u0442\u0430\u0440\u0442\u0443\u044e\u0442 \u0431\u043e\u043b\u044c\u0448\u0438\u0435 \u0433\u0430\u0441\u0442\u0440\u043e\u043b\u0438 \u043d\u0430\u0448\u0435\u0433\u043e \u043d\u0435\u0431\u043e\u043b\u044c\u0448\u043e\u0433\u043e, \u043d\u043e \u043e\u0447\u0435\u043d\u044c \u043c\u043e\u0431\u0438\u043b\u044c\u043d\u043e\u0433\u043e \u0438 \u0438\u043d\u0442\u0435\u0440\u0430\u043a\u0442\u0438\u0432\u043d\u043e\u0433\u043e \u0442\u0435\u0430\u0442\u0440\u0430 &quot;\u041c\u044f\u0433\u043a\u0438\u0439 \u0437\u043d\u0430\u043a&quot;!</p>",
        "is_enabled": true,
        "image": "news/3.jpg"
    }
},
{
    "model": "news.news",
    "pk": 2,
    "fields": {
        "meta_h1": null,
        "meta_title": null,
        "meta_keywords": null,
        "meta_description": "",
        "created_at": "2018-03-09T12:21:45.071Z",
        "updated_at": "2018-03-09T12:21:45.071Z",
        "title": "\u0421\u0431\u043e\u0440 \u043a\u043e\u043c\u0430\u043d\u0434\u044b",
        "slug": "sbor-komandy",
        "text": "<p>\u0423\u0440\u0430! \u0422\u043e\u043b\u044c\u043a\u043e \u0447\u0442\u043e \u0441\u043e\u0441\u0442\u043e\u044f\u043b\u0441\u044f \u0441\u0431\u043e\u0440 \u043a\u043e\u043c\u0430\u043d\u0434\u044b \u043f\u043e \u0441\u043b\u0443\u0447\u0430\u044e \u0441\u0442\u0430\u0440\u0442\u0430 \u0440\u0435\u0430\u043b\u0438\u0437\u0430\u0446\u0438\u0438 \u043d\u0430\u0448\u0435\u0433\u043e \u043f\u0440\u043e\u0435\u043a\u0442\u0430! \u0412\u0430\u0441 \u0436\u0434\u0443\u0442 \u043f\u043e\u043a\u0430\u0437\u044b \u0441\u043f\u0435\u043a\u0442\u0430\u043a\u043b\u044f &laquo;\u0412 \u0433\u043e\u0441\u0442\u044f\u0445 \u0443 \u0418\u0432\u0430\u043d\u0430&raquo;\u043f\u043e \u0432\u0441\u0435\u043c\u0443 \u0421\u0435\u0432\u0430\u0441\u0442\u043e\u043f\u043e\u043b\u044e!</p>",
        "is_enabled": true,
        "image": "news/2.jpg"
    }
},
{
    "model": "news.news",
    "pk": 3,
    "fields": {
        "meta_h1": null,
        "meta_title": null,
        "meta_keywords": null,
        "meta_description": "",
        "created_at": "2018-03-09T12:22:07.021Z",
        "updated_at": "2018-03-09T12:22:07.021Z",
        "title": "\u0421\u044a\u0451\u043c\u043a\u0430 \u0440\u0435\u043a\u043b\u0430\u043c\u043d\u043e\u0433\u043e \u0440\u043e\u043b\u0438\u043a\u0430",
        "slug": "syomka-reklamnogo-rolika",
        "text": "<p>\u0414\u0435\u043b\u0438\u043c\u0441\u044f \u0441 \u0432\u0430\u043c\u0438 \u043a\u0443\u0441\u043e\u0447\u043a\u043e\u043c \u0434\u0435\u043b \u0437\u0430\u043a\u0443\u043b\u0438\u0441\u043d\u044b\u0445 \u0441\u043e \u0441\u044a\u0451\u043c\u043e\u043a \u0440\u0435\u043a\u043b\u0430\u043c\u043d\u043e\u0433\u043e \u0440\u043e\u043b\u0438\u043a\u0430 \u0434\u043b\u044f \u043f\u0440\u043e\u0435\u043a\u0442\u0430 \u0442\u0435\u0430\u0442\u0440 &laquo;\u041c\u044f\u0433\u043a\u0438\u0439 \u0437\u043d\u0430\u043a&raquo;, \u0441\u043f\u0435\u043a\u0442\u0430\u043a\u043b\u044c &laquo;\u0412 \u0433\u043e\u0441\u0442\u044f\u0445 \u0443 \u0418\u0432\u0430\u043d\u0430&raquo;!</p>",
        "is_enabled": true,
        "image": "news/1.jpg"
    }
},
{
    "model": "contacts.contact",
    "pk": 1,
    "fields": {
        "meta_h1": null,
        "meta_title": null,
        "meta_keywords": null,
        "meta_description": "",
        "created_at": "2018-03-09T15:34:17.087Z",
        "updated_at": "2018-03-09T15:37:59.123Z",
        "text": "<h1 class=\"h3 g-font-weight-300 mb-5\">\u041c\u043e\u0431\u0438\u043b\u044c\u043d\u044b\u0439 \u0438\u043d\u0442\u0435\u0440\u0435\u043a\u0442\u0438\u0432\u043d\u044b\u0439 \u0442\u0435\u0430\u0442\u0440 &quot;\u041c\u044f\u0433\u043a\u0438\u0439 \u0437\u043d\u0430\u043a&quot;</h1>\r\n\r\n<div class=\"mb-4\">\r\n<h2 class=\"h5 g-color-gray-dark-v2 g-font-weight-600\">\u041d\u0430\u043f\u0438\u0448\u0438\u0442\u0435 \u043d\u0430\u043c:</h2>\r\n\r\n<p class=\"g-color-gray-dark-v4\">Email: <a class=\"g-color-gray-dark-v2\" href=\"mailto:v.aleksandrin@asa.guru\">v.aleksandrin@asa.guru</a></p>\r\n</div>\r\n\r\n<div class=\"g-mb-30\">\r\n<h2 class=\"h5 g-color-gray-dark-v2 g-font-weight-600\">\u041f\u043e\u0437\u0432\u043e\u043d\u0438\u0442\u0435 \u043d\u0430\u043c:</h2>\r\n\r\n<p class=\"g-color-gray-dark-v4\"><a class=\"g-color-gray-dark-v2\" href=\"tel:+7978 7022186\">+7978 7022186</a> \u0420\u0443\u043a\u043e\u0432\u043e\u0434\u0438\u0442\u0435\u043b\u044c \u043f\u0440\u043e\u0435\u043a\u0442\u0430<br />\r\n<a class=\"g-color-gray-dark-v2\" href=\"tel:+7978 7022186\">+7978 0993543</a> \u041c\u0435\u043d\u0435\u0434\u0436\u0435\u0440 \u043f\u0440\u043e\u0435\u043a\u0442\u0430</p>\r\n</div>"
    }
},
{
    "model": "contacts.contactfooter",
    "pk": 1,
    "fields": {
        "created_at": "2018-03-09T15:32:08.020Z",
        "updated_at": "2018-03-09T16:53:11.674Z",
        "contact_type": 1,
        "value": "+7978 7022186",
        "is_enabled": true
    }
},
{
    "model": "contacts.contactfooter",
    "pk": 2,
    "fields": {
        "created_at": "2018-03-09T15:32:34.140Z",
        "updated_at": "2018-03-09T16:53:07.020Z",
        "contact_type": 1,
        "value": "+7978 0993543",
        "is_enabled": true
    }
},
{
    "model": "contacts.contactfooter",
    "pk": 3,
    "fields": {
        "created_at": "2018-03-09T15:32:47.720Z",
        "updated_at": "2018-03-09T15:32:47.721Z",
        "contact_type": 2,
        "value": "v.aleksandrin@asa.guru",
        "is_enabled": true
    }
},
{
    "model": "contacts.sociallinksmodel",
    "pk": 1,
    "fields": {
        "fb": null,
        "vk": "https://vk.com/b3hak",
        "instagram": "https://www.instagram.com/teatr_b",
        "ok": null,
        "twitter": null,
        "youtube": null
    }
},
{
    "model": "about.partner",
    "pk": 1,
    "fields": {
        "created_at": "2018-03-10T10:17:47.492Z",
        "updated_at": "2018-03-10T10:17:47.492Z",
        "title": "\u0421\u043e\u044e\u0437 \u0442\u0435\u0430\u0442\u0440\u0430\u043b\u044c\u043d\u044b\u0445 \u0434\u0435\u044f\u0442\u0435\u043b\u0435\u0439 \u0420\u043e\u0441\u0441\u0438\u0439\u0441\u043a\u043e\u0439 \u0424\u0435\u0434\u0435\u0440\u0430\u0446\u0438\u0438",
        "image": "partners/1.jpg",
        "is_enabled": true
    }
},
{
    "model": "about.partner",
    "pk": 2,
    "fields": {
        "created_at": "2018-03-10T10:19:12.491Z",
        "updated_at": "2018-03-10T10:19:12.491Z",
        "title": "\u0423\u043f\u0440\u0430\u0432\u043b\u0435\u043d\u0438\u0435 \u043f\u043e \u0434\u0435\u043b\u0430\u043c \u043c\u043e\u043b\u043e\u0434\u0451\u0436\u0438 \u0438 \u0441\u043f\u043e\u0440\u0442\u0430 \u0433. \u0421\u0435\u0432\u0430\u0441\u0442\u043e\u043f\u043e\u043b\u044f",
        "image": "partners/2.jpg",
        "is_enabled": true
    }
},
{
    "model": "about.partner",
    "pk": 3,
    "fields": {
        "created_at": "2018-03-10T10:19:22.208Z",
        "updated_at": "2018-03-10T10:19:22.208Z",
        "title": "\u0420\u043e\u0441\u043c\u043e\u043b\u043e\u0434\u0451\u0436\u044c",
        "image": "partners/3.jpg",
        "is_enabled": true
    }
},
{
    "model": "about.partner",
    "pk": 4,
    "fields": {
        "created_at": "2018-03-10T10:19:30.215Z",
        "updated_at": "2018-03-10T10:19:30.215Z",
        "title": "\u041e\u0431\u0449\u0435\u0441\u0442\u0432\u0435\u043d\u043d\u0430\u044f \u043f\u0430\u043b\u0430\u0442\u0430 \u0420\u043e\u0441\u0441\u0438\u0439\u0441\u043a\u043e\u0439 \u0424\u0435\u0434\u0435\u0440\u0430\u0446\u0438\u0438",
        "image": "partners/4.jpg",
        "is_enabled": true
    }
},
{
    "model": "about.about",
    "pk": 1,
    "fields": {
        "meta_h1": null,
        "meta_title": null,
        "meta_keywords": null,
        "meta_description": "",
        "created_at": "2018-03-10T10:21:47.545Z",
        "updated_at": "2018-03-10T11:15:38.171Z",
        "article_title": "\u041e\u043f\u0438\u0441\u0430\u043d\u0438\u0435 \u043f\u0440\u043e\u0435\u043a\u0442\u0430",
        "article_text": "<p>\u041c\u044b, \u0430\u043a\u0442\u0451\u0440\u044b \u0421\u0435\u0432\u0430\u0441\u0442\u043e\u043f\u043e\u043b\u044c\u0441\u043a\u0438\u0445 \u0442\u0435\u0430\u0442\u0440\u043e\u0432, \u043e\u0431\u044a\u0435\u0434\u0438\u043d\u0438\u043b\u0438 \u043f\u0440\u043e\u0444\u0435\u0441\u0441\u0438\u043e\u043d\u0430\u043b\u043e\u0432 \u0442\u0435\u0430\u0442\u0440\u0430\u043b\u044c\u043d\u043e\u0433\u043e \u0438\u0441\u043a\u0443\u0441\u0441\u0442\u0432\u0430 \u0432 \u0438\u043d\u0438\u0446\u0438\u0430\u0442\u0438\u0432\u043d\u0443\u044e \u0433\u0440\u0443\u043f\u043f\u0443 \u0438 \u0441\u043e\u0437\u0434\u0430\u043b\u0438 &laquo;\u043c\u043e\u0431\u0438\u043b\u044c\u043d\u044b\u0439 \u0438\u043d\u0442\u0435\u0440\u0430\u043a\u0442\u0438\u0432\u043d\u044b\u0439 \u0442\u0435\u0430\u0442\u0440&raquo; (\u041c\u0418\u0422), \u0434\u043b\u044f \u043f\u043e\u0441\u0442\u0430\u043d\u043e\u0432\u043a\u0438 \u0438 \u043f\u0440\u043e\u0432\u0435\u0434\u0435\u043d\u0438\u044f \u0441\u043f\u0435\u043a\u0442\u0430\u043a\u043b\u0435\u0439 \u0434\u043b\u044f \u0434\u0435\u0442\u0435\u0439 \u0438 \u043c\u043e\u043b\u043e\u0434\u0451\u0436\u0438 \u043d\u0430 \u0441\u043e\u0446\u0438\u0430\u043b\u044c\u043d\u0443\u044e \u0442\u0435\u043c\u0430\u0442\u0438\u043a\u0443. &laquo;\u041c\u0418\u0422&raquo; - \u043f\u0440\u0435\u0434\u0441\u0442\u0430\u0432\u043b\u044f\u0435\u0442 \u0441\u043e\u0431\u043e\u0439 \u043c\u043d\u043e\u0433\u043e\u0444\u0443\u043d\u043a\u0446\u0438\u043e\u043d\u0430\u043b\u044c\u043d\u0443\u044e \u043a\u043e\u043d\u0441\u0442\u0440\u0443\u043a\u0446\u0438\u044e (\u0432\u043e\u0441\u044c\u043c\u0438\u0443\u0433\u043e\u043b\u044c\u043d\u0438\u043a), \u0441\u043d\u0430\u0440\u0443\u0436\u0438 \u0438 \u0432\u043d\u0443\u0442\u0440\u0438 \u043a\u043e\u0442\u043e\u0440\u043e\u0439 \u043f\u0440\u043e\u0438\u0441\u0445\u043e\u0434\u0438\u0442 \u0442\u0435\u0430\u0442\u0440\u0430\u043b\u044c\u043d\u043e\u0435 \u0434\u0435\u0439\u0441\u0442\u0432\u0438\u0435. \u0411\u043b\u0430\u0433\u043e\u0434\u0430\u0440\u044f \u043c\u043e\u0431\u0438\u043b\u044c\u043d\u043e\u0441\u0442\u0438 \u043a\u043e\u043d\u0441\u0442\u0440\u0443\u043a\u0446\u0438\u0438, \u043f\u0440\u0435\u0434\u0441\u0442\u0430\u0432\u043b\u0435\u043d\u0438\u044f \u0441\u043c\u043e\u0433\u0443\u0442 \u043f\u0440\u043e\u0432\u043e\u0434\u0438\u0442\u044c\u0441\u044f \u043a\u0430\u043a \u0432 \u043f\u043e\u043c\u0435\u0449\u0435\u043d\u0438\u044f\u0445 (\u0444\u043e\u0439\u0435, \u0441\u043f\u043e\u0440\u0442\u0437\u0430\u043b\u0430\u0445, \u0441\u0442\u043e\u043b\u043e\u0432\u044b\u0445 \u0438 \u0442.\u0434.) \u0442\u0430\u043a \u0438 \u043d\u0430 \u0443\u043b\u0438\u0446\u0435: \u0432 \u043f\u0430\u0440\u043a\u0430\u0445, \u0441\u043a\u0432\u0435\u0440\u0430\u0445, \u043f\u043b\u044f\u0436\u0430\u0445 \u0438 \u0442.\u043f. \u0412 \u0444\u043e\u0440\u043c\u0435 \u0420\u0443\u0441\u0441\u043a\u043e\u0439 \u043d\u0430\u0440\u043e\u0434\u043d\u043e\u0439 \u0441\u043a\u0430\u0437\u043a\u0438, \u0437\u0440\u0438\u0442\u0435\u043b\u044e \u043f\u0440\u0435\u0434\u0441\u0442\u0430\u0432\u043b\u0435\u043d\u043e \u0438\u043d\u0442\u0435\u0440\u0430\u043a\u0442\u0438\u0432\u043d\u043e\u0435 \u0434\u0435\u0439\u0441\u0442\u0432\u043e, \u043f\u0440\u0438\u0437\u0432\u0430\u043d\u043d\u043e\u0435: \u043f\u0440\u0438\u0432\u0438\u0442\u044c \u043b\u044e\u0431\u043e\u0432\u044c \u043a \u0440\u043e\u0434\u043d\u043e\u0439 \u043a\u0443\u043b\u044c\u0442\u0443\u0440\u0435 \u0438 \u0431\u0435\u0440\u0435\u0436\u043d\u043e\u0435 \u043e\u0442\u043d\u043e\u0448\u0435\u043d\u0438\u0435 \u043a \u043f\u0440\u0438\u0440\u043e\u0434\u0435. \u0421\u043f\u0435\u043a\u0442\u0430\u043a\u043b\u044c \u0432\u0435\u0434\u0443\u0442 \u043f\u0440\u043e\u0444\u0435\u0441\u0441\u0438\u043e\u043d\u0430\u043b\u044c\u043d\u044b\u0435 \u0430\u043a\u0442\u0451\u0440\u044b \u0441 \u0431\u043e\u043b\u044c\u0448\u0438\u043c \u043e\u043f\u044b\u0442\u043e\u043c \u0440\u0430\u0431\u043e\u0442\u044b \u0432 \u0438\u043d\u0442\u0435\u0440\u0430\u043a\u0442\u0438\u0432\u043d\u044b\u0445 \u0441\u043f\u0435\u043a\u0442\u0430\u043a\u043b\u044f\u0445.</p>\r\n\r\n<p>\u0422\u0430\u043a \u0436\u0435, \u043c\u044b \u043f\u0440\u043e\u0432\u043e\u0434\u0438\u043c, \u043f\u043e\u0441\u043b\u0435 \u0441\u043f\u0435\u043a\u0442\u0430\u043a\u043b\u044f, \u0442\u0435\u0430\u0442\u0440\u0430\u043b\u0438\u0437\u043e\u0432\u0430\u043d\u043d\u044b\u0439 \u0441\u0443\u0431\u0431\u043e\u0442\u043d\u0438\u043a. \u041c\u043b\u0430\u0434\u0448\u0435\u0435 \u043f\u043e\u043a\u043e\u043b\u0435\u043d\u0438\u0435 \u043f\u043e\u0434 \u0440\u0443\u043a\u043e\u0432\u043e\u0434\u0441\u0442\u0432\u043e\u043c \u0441\u0442\u0430\u0440\u0448\u0438\u0445 \u0442\u043e\u0432\u0430\u0440\u0438\u0449\u0435\u0439 \u0438 \u0432\u043c\u0435\u0441\u0442\u0435 \u0441 \u0433\u0435\u0440\u043e\u044f\u043c\u0438 \u0441\u043a\u0430\u0437\u043a\u0438, \u043e\u0440\u0433\u0430\u043d\u0438\u0437\u043e\u0432\u0430\u043d\u043d\u043e \u0447\u0438\u0441\u0442\u044f\u0442 \u0442\u0435\u0440\u0440\u0438\u0442\u043e\u0440\u0438\u044e \u0431\u043b\u0438\u0437 \u0441\u0432\u043e\u0438\u0445 \u0448\u043a\u043e\u043b, \u0434\u0435\u0442\u0434\u043e\u043c\u043e\u0432, \u0434\u0435\u0442\u0441\u043a\u0438\u0445 \u043f\u043b\u043e\u0449\u0430\u0434\u043e\u043a \u043e\u0442 \u043d\u0435\u043e\u0440\u0433\u0430\u043d\u0438\u0447\u0435\u0441\u043a\u043e\u0433\u043e \u043c\u0443\u0441\u043e\u0440\u0430. \u042d\u0442\u043e \u043f\u043e\u0437\u0432\u043e\u043b\u044f\u0435\u0442 \u043c\u043e\u043b\u043e\u0434\u044b\u043c \u043b\u044e\u0434\u044f\u043c \u043f\u043e\u0447\u0443\u0432\u0441\u0442\u0432\u043e\u0432\u0430\u0442\u044c \u043e\u0442\u0432\u0435\u0442\u0441\u0442\u0432\u0435\u043d\u043d\u043e\u0441\u0442\u044c \u043d\u0435 \u0442\u043e\u043b\u044c\u043a\u043e \u0437\u0430 \u044d\u043a\u043e\u043b\u043e\u0433\u0438\u044e, \u043d\u043e \u0438 \u0437\u0430 \u043f\u043e\u0434\u0440\u0430\u0441\u0442\u0430\u044e\u0449\u0435\u0435 \u043f\u043e\u043a\u043e\u043b\u0435\u043d\u0438\u0435. \u0412 \u0444\u0438\u043d\u0430\u043b\u0435 \u0441\u043f\u0435\u043a\u0442\u0430\u043a\u043b\u044f \u0437\u0440\u0438\u0442\u0435\u043b\u0435\u0439 \u043f\u043e\u0441\u0432\u044f\u0449\u0430\u044e\u0442 \u0432 &quot;\u042e\u043d\u044b\u0435 \u0437\u0430\u0449\u0438\u0442\u043d\u0438\u043a\u0438 \u043f\u0440\u0438\u0440\u043e\u0434\u044b&quot;, \u0432\u0440\u0443\u0447\u0430\u044e\u0442 \u0438\u043c \u0441\u0438\u043c\u0432\u043e\u043b\u0438\u0447\u0435\u0441\u043a\u0438\u0435 \u043f\u0435\u0440\u0447\u0430\u0442\u043a\u0438 (\u0434\u043b\u044f \u0441\u0431\u043e\u0440\u0430 \u043c\u0443\u0441\u043e\u0440\u0430) \u0438 \u043f\u0430\u043c\u044f\u0442\u043d\u044b\u0435 \u0437\u043d\u0430\u0447\u043a\u0438.</p>\r\n\r\n<p>\u0421\u043a\u0430\u0437\u043a\u0430 &quot;\u0412 \u0433\u043e\u0441\u0442\u044f\u0445 \u0443 \u0418\u0432\u0430\u043d\u0430&quot; \u043f\u0440\u0435\u0434\u0441\u0442\u0430\u0432\u043b\u044f\u0435\u0442 \u0441\u043e\u0431\u043e\u0439 \u0432\u044b\u0441\u043e\u043a\u043e\u0445\u0443\u0434\u043e\u0436\u0435\u0441\u0442\u0432\u0435\u043d\u043d\u0443\u044e &quot;\u0438\u043d\u0444\u043e\u0440\u043c\u0430\u0446\u0438\u043e\u043d\u043d\u0443\u044e \u0431\u043e\u043c\u0431\u0443&quot;. \u0412\u043d\u0443\u0448\u0438\u0442\u0435\u043b\u044c\u043d\u044b\u0439 \u043e\u0431\u044a\u0451\u043c \u0438\u043d\u0444\u043e\u0440\u043c\u0430\u0446\u0438\u0438 \u0442\u0440\u0430\u043d\u0441\u043b\u0438\u0440\u0443\u0435\u043c\u043e\u0439 \u0437\u0440\u0438\u0442\u0435\u043b\u044e \u043c\u043e\u043c\u0435\u043d\u0442\u0430\u043b\u044c\u043d\u043e \u0443\u0441\u0432\u0430\u0438\u0432\u0430\u0435\u0442\u0441\u044f \u0438 \u043e\u0442\u043a\u043b\u0430\u0434\u044b\u0432\u0430\u0435\u0442\u0441\u044f \u0432 \u043f\u043e\u0434\u0441\u043e\u0437\u043d\u0430\u043d\u0438\u0438, \u0431\u043b\u0430\u0433\u043e\u0434\u0430\u0440\u044f \u043b\u0451\u0433\u043a\u043e\u0439, \u0438\u0433\u0440\u043e\u0432\u043e\u0439 \u0444\u043e\u0440\u043c\u0435 \u043f\u043e\u0434\u0430\u0447\u0438. \u0421\u043f\u0435\u043a\u0442\u0430\u043a\u043b\u044c \u043f\u043e\u043b\u0443\u0447\u0438\u043b \u0432\u044b\u0441\u043e\u043a\u0443\u044e \u043e\u0446\u0435\u043d\u043a\u0443 \u043f\u0440\u043e\u0444\u0435\u0441\u0441\u0438\u043e\u043d\u0430\u043b\u044c\u043d\u043e\u0433\u043e \u0442\u0435\u0430\u0442\u0440\u0430\u043b\u044c\u043d\u043e\u0433\u043e \u0441\u043e\u043e\u0431\u0449\u0435\u0441\u0442\u0432\u0430 (\u043f\u043e\u0431\u0435\u0434\u0430 \u0432 \u0434\u0432\u0443\u0445 \u043d\u043e\u043c\u0438\u043d\u0430\u0446\u0438\u044f\u0445 \u0442\u0435\u0430\u0442\u0440\u0430\u043b\u044c\u043d\u043e\u0433\u043e \u0444\u0435\u0441\u0442\u0438\u0432\u0430\u043b\u044f <a href=\"http://sevastopol.press/2017/06/15/festival-skazochnoe-korolevstvo-sobral-vse-skazki-kryma/\" target=\"_blank\">&quot;\u0421\u043a\u0430\u0437\u043e\u0447\u043d\u043e\u0435 \u043a\u043e\u0440\u043e\u043b\u0435\u0432\u0441\u0442\u0432\u043e 2017&quot;</a> ), \u0430 \u0442\u0430\u043a\u0436\u0435 \u0440\u0443\u043a\u043e\u0432\u043e\u0434\u0438\u0442\u0435\u043b\u0435\u0439 \u0438 \u0443\u0447\u0430\u0449\u0438\u0445\u0441\u044f \u0434\u0435\u0442\u0441\u043a\u0438\u0445 \u043e\u0431\u0440\u0430\u0437\u043e\u0432\u0430\u0442\u0435\u043b\u044c\u043d\u044b\u0445 \u0443\u0447\u0440\u0435\u0436\u0434\u0435\u043d\u0438\u0439. \u041f\u043e\u043b\u0443\u0447\u0435\u043d\u0430 \u043c\u0430\u0441\u0441\u0430 \u0431\u043b\u0430\u0433\u043e\u0434\u0430\u0440\u043d\u043e\u0441\u0442\u0435\u0439 \u043e\u0442 \u0440\u0430\u0437\u043b\u0438\u0447\u043d\u044b\u0445 \u0443\u0447\u0440\u0435\u0436\u0434\u0435\u043d\u0438\u0439 \u0438 \u043c\u043d\u043e\u0436\u0435\u0441\u0442\u0432\u043e \u043e\u0442\u0437\u044b\u0432\u043e\u0432 \u043e\u0442 \u0437\u0440\u0438\u0442\u0435\u043b\u0435\u0439.</p>\r\n\r\n<p>\u0412 \u0440\u0430\u043c\u043a\u0430\u0445 \u043f\u0440\u043e\u0435\u043a\u0442\u0430 \u043f\u043b\u0430\u043d\u0438\u0440\u0443\u0435\u0442\u0441\u044f \u043f\u0440\u043e\u0435\u0445\u0430\u0442\u044c \u0441 &laquo;\u0433\u0430\u0441\u0442\u0440\u043e\u043b\u044f\u043c\u0438&raquo; \u043f\u043e 10 \u043c\u0443\u043d\u0438\u0446\u0438\u043f\u0430\u043b\u044c\u043d\u044b\u043c \u043e\u0431\u0440\u0430\u0437\u043e\u0432\u0430\u043d\u0438\u044f\u043c \u0421\u0435\u0432\u0430\u0441\u0442\u043e\u043f\u043e\u043b\u044f, \u043f\u043e\u043a\u0430\u0437\u0430\u0442\u044c \u043f\u043e 2 \u0441\u043f\u0435\u043a\u0442\u0430\u043a\u043b\u044f \u0432 \u043a\u0430\u0436\u0434\u043e\u043c \u0440\u0430\u0439\u043e\u043d\u0435 (\u043d\u0430 \u0442\u0435\u0440\u0440\u0438\u0442\u043e\u0440\u0438\u0438 \u0443\u0447\u0440\u0435\u0436\u0434\u0435\u043d\u0438\u0439 \u043f\u043e\u0434\u0432\u0435\u0434\u043e\u043c\u0441\u0442\u0432\u0435\u043d\u043d\u044b\u0445 \u0413\u043b\u0430\u0432\u043d\u043e\u043c\u0443 \u0423\u043f\u0440\u0430\u0432\u043b\u0435\u043d\u0438\u044e \u043a\u0443\u043b\u044c\u0442\u0443\u0440\u044b \u0433. \u0421\u0435\u0432\u0430\u0441\u0442\u043e\u043f\u043e\u043b\u044f) \u0438 \u043f\u0440\u043e\u0432\u0435\u0441\u0442\u0438 \u0442\u0435\u0430\u0442\u0440\u0430\u043b\u0438\u0437\u043e\u0432\u0430\u043d\u043d\u044b\u0435 \u0441\u0443\u0431\u0431\u043e\u0442\u043d\u0438\u043a\u0438. \u0417\u0440\u0438\u0442\u0435\u043b\u0435\u043c \u0432\u044b\u0441\u0442\u0443\u043f\u044f\u0442 \u0434\u0435\u0442\u0438 \u0438\u0437 \u043c\u043d\u043e\u0433\u043e\u0434\u0435\u0442\u043d\u044b\u0445 \u0441\u0435\u043c\u0435\u0439 \u0438 \u0441\u0435\u043c\u0435\u0439 \u043f\u043e\u043f\u0430\u0432\u0448\u0438\u0445 \u0432 \u0442\u0440\u0443\u0434\u043d\u0443\u044e \u0441\u0438\u0442\u0443\u0430\u0446\u0438\u044e. \u0421\u043f\u0435\u043a\u0442\u0430\u043a\u043b\u0438 \u043f\u0440\u043e\u0432\u043e\u0434\u044f\u0442\u0441\u044f \u043f\u043e\u043b\u043d\u043e\u0441\u0442\u044c\u044e \u043d\u0430 \u0431\u043b\u0430\u0433\u043e\u0442\u0432\u043e\u0440\u0438\u0442\u0435\u043b\u044c\u043d\u043e\u0439 \u043e\u0441\u043d\u043e\u0432\u0435. \u0412\u043e \u0432\u0440\u0435\u043c\u044f \u0441\u043f\u0435\u043a\u0442\u0430\u043a\u043b\u044f, \u043f\u0440\u043e\u0444\u0435\u0441\u0441\u0438\u043e\u043d\u0430\u043b\u044c\u043d\u044b\u0439 \u0444\u043e\u0442\u043e\u0433\u0440\u0430\u0444 \u0441\u043d\u0438\u043c\u0435\u0442 \u044f\u0440\u043a\u0438\u0435 \u043c\u043e\u043c\u0435\u043d\u0442\u044b \u0438 \u0443\u0441\u0442\u0440\u043e\u0438\u0442 \u0444\u043e\u0442\u043e-\u0441\u0435\u0441\u0441\u0438\u044e \u0441\u043e \u0437\u0440\u0438\u0442\u0435\u043b\u044f\u043c\u0438 \u0432 \u0444\u0438\u043d\u0430\u043b\u0435.</p>",
        "team_title": "\u041d\u0430\u0448\u0430 \u043a\u043e\u043c\u0430\u043d\u0434\u0430",
        "team_text": "\u0412 \u0441\u043e\u0441\u0442\u0430\u0432\u0435 \u043d\u0430\u0448\u0435\u0439 \u043a\u043e\u043c\u0430\u043d\u0434\u044b \u0442\u043e\u043b\u044c\u043a\u043e \u043f\u0440\u043e\u0444\u0435\u0441\u0441\u0438\u043e\u043d\u0430\u043b\u044b: \u0430\u043a\u0442\u0451\u0440\u044b \u0438 \u0440\u0435\u0436\u0438\u0441\u0441\u0451\u0440\u044b \u0441 \u0431\u043e\u043b\u044c\u0448\u0438\u043c \u043e\u043f\u044b\u0442\u043e\u043c.",
        "persons": [
            7,
            11,
            2,
            3,
            8,
            10,
            5,
            4,
            1,
            9,
            6
        ],
        "partners": [
            1,
            2,
            3,
            4
        ]
    }
},
{
    "model": "home.home",
    "pk": 1,
    "fields": {
        "meta_h1": null,
        "meta_title": null,
        "meta_keywords": null,
        "meta_description": "",
        "created_at": "2018-03-10T12:06:31.879Z",
        "updated_at": "2018-03-10T12:06:31.879Z",
        "promo_left": "<h1 class=\"h1 text-uppercase g-color-white g-mb-30\">\r\n                        <span class=\"g-bg-primary-dark-v3 g-px-5\">\u041c\u043e\u0431\u0438\u043b\u044c\u043d\u044b\u0439</span><br>\r\n                        <span class=\"g-bg-primary-dark-v3 g-px-5\">\u0418\u043d\u0442\u0435\u0440\u0430\u043a\u0442\u0438\u0432\u043d\u044b\u0439 \u0422\u0435\u0430\u0442\u0440</span><br>\r\n                        <span class=\"g-bg-primary-dark-v3 g-px-5\">\"\u041c\u044f\u0433\u043a\u0438\u0439 \u0437\u043d\u0430\u043a\"</span>\r\n                    </h1>\r\n                    <div class=\"h4 g-color-white\">\r\n                        <span class=\"g-bg-black-opacity-0_6 g-px-5\">\u0421\u043f\u0435\u043a\u0442\u0430\u043a\u043b\u0438 \u0434\u043b\u044f \u0434\u0435\u0442\u0435\u0439 \u0438 \u043c\u043e\u043b\u043e\u0434\u0451\u0436\u0438</span><br>\r\n                        <span class=\"g-bg-black-opacity-0_6 g-px-5\">\u043f\u043e \u0432\u0441\u0435\u043c\u0443 \u0421\u0435\u0432\u0430\u0441\u0442\u043e\u043f\u043e\u043b\u044e</span>\r\n                    </div>\r\n                    <div class=\"h5 g-color-white\">\r\n                        <span class=\"g-bg-black-opacity-0_6 g-px-5\">\u0421\u0442\u0430\u0440\u0442 \u043f\u0440\u043e\u0435\u043a\u0442\u0430 - 10 \u043c\u0430\u0440\u0442\u0430 2018 \u0433\u043e\u0434\u0430</span><br>\r\n                    </div>",
        "promo_right": "<div class=\"embed-responsive embed-responsive-16by9\">\r\n                        <iframe src=\"//vk.com/video_ext.php?oid=-101246439&id=456239022&hash=9165a2e49d48d308&hd=2\" width=\"530\" height=\"300\" frameborder=\"0\" allowfullscreen></iframe>\r\n                    </div>",
        "icon1_icon": "fa-map-marker",
        "icon1_title": "\u0421\u043f\u0435\u043a\u0442\u0430\u043a\u043b\u0438 \u0432 \u0440\u0430\u0437\u043d\u044b\u0445 \u043c\u0435\u0441\u0442\u0430\u0445",
        "icon1_text": "\u0411\u043b\u0430\u0433\u043e\u0434\u0430\u0440\u044f \u043c\u043e\u0431\u0438\u043b\u044c\u043d\u043e\u0441\u0442\u0438 \u043a\u043e\u043d\u0441\u0442\u0440\u0443\u043a\u0446\u0438\u0438, \u043f\u0440\u0435\u0434\u0441\u0442\u0430\u0432\u043b\u0435\u043d\u0438\u044f \u043f\u0440\u043e\u0432\u043e\u0434\u044f\u0442\u0441\u044f \u043a\u0430\u043a \u0432 \u043f\u043e\u043c\u0435\u0449\u0435\u043d\u0438\u044f\u0445 (\u0444\u043e\u0439\u0435, \u0441\u043f\u043e\u0440\u0442\u0437\u0430\u043b\u0430\u0445, \u0441\u0442\u043e\u043b\u043e\u0432\u044b\u0445 \u0438 \u0442.\u0434.) \u0442\u0430\u043a \u0438 \u043d\u0430 \u0443\u043b\u0438\u0446\u0435: \u0432 \u043f\u0430\u0440\u043a\u0430\u0445, \u0441\u043a\u0432\u0435\u0440\u0430\u0445, \u043f\u043b\u044f\u0436\u0430\u0445 \u0438 \u0442.\u043f.",
        "icon2_icon": "fa-cubes",
        "icon2_title": "20 \u043c\u0435\u0440\u043e\u043f\u0440\u0438\u044f\u0442\u0438\u0439",
        "icon2_text": "\u0412 \u0440\u0430\u043c\u043a\u0430\u0445 \u043f\u0440\u043e\u0435\u043a\u0442\u0430 \u043f\u043b\u0430\u043d\u0438\u0440\u0443\u0435\u0442\u0441\u044f \u043f\u0440\u043e\u0435\u0445\u0430\u0442\u044c \u0441 \u00ab\u0433\u0430\u0441\u0442\u0440\u043e\u043b\u044f\u043c\u0438\u00bb \u043f\u043e 10 \u043c\u0443\u043d\u0438\u0446\u0438\u043f\u0430\u043b\u044c\u043d\u044b\u043c \u043e\u0431\u0440\u0430\u0437\u043e\u0432\u0430\u043d\u0438\u044f\u043c \u0421\u0435\u0432\u0430\u0441\u0442\u043e\u043f\u043e\u043b\u044f, \u043f\u043e\u043a\u0430\u0437\u0430\u0442\u044c \u043f\u043e 2 \u0441\u043f\u0435\u043a\u0442\u0430\u043a\u043b\u044f \u0432 \u043a\u0430\u0436\u0434\u043e\u043c \u0440\u0430\u0439\u043e\u043d\u0435. \u0421\u043f\u0435\u043a\u0442\u0430\u043a\u043b\u0438 \u043f\u0440\u043e\u0432\u043e\u0434\u044f\u0442\u0441\u044f \u043f\u043e\u043b\u043d\u043e\u0441\u0442\u044c\u044e \u043d\u0430 \u0431\u043b\u0430\u0433\u043e\u0442\u0432\u043e\u0440\u0438\u0442\u0435\u043b\u044c\u043d\u043e\u0439 \u043e\u0441\u043d\u043e\u0432\u0435.",
        "icon3_icon": "fa-users",
        "icon3_title": "\u041f\u0440\u043e\u0444\u0435\u0441\u0441\u0438\u043e\u043d\u0430\u043b\u044c\u043d\u044b\u0435 \u0430\u043a\u0442\u0451\u0440\u044b",
        "icon3_text": "\u0421\u043f\u0435\u043a\u0442\u0430\u043a\u043b\u044c \u0432\u0435\u0434\u0443\u0442 \u043f\u0440\u043e\u0444\u0435\u0441\u0441\u0438\u043e\u043d\u0430\u043b\u044c\u043d\u044b\u0435 \u0430\u043a\u0442\u0451\u0440\u044b \u0441 \u0431\u043e\u043b\u044c\u0448\u0438\u043c \u043e\u043f\u044b\u0442\u043e\u043c \u0440\u0430\u0431\u043e\u0442\u044b \u0432 \u0438\u043d\u0442\u0435\u0440\u0430\u043a\u0442\u0438\u0432\u043d\u044b\u0445 \u0441\u043f\u0435\u043a\u0442\u0430\u043a\u043b\u044f\u0445.",
        "about_title": "\u041e \u043f\u0440\u043e\u0435\u043a\u0442\u0435",
        "about_text": "<p>\u041c\u044b, \u0430\u043a\u0442\u0451\u0440\u044b \u0421\u0435\u0432\u0430\u0441\u0442\u043e\u043f\u043e\u043b\u044c\u0441\u043a\u0438\u0445 \u0442\u0435\u0430\u0442\u0440\u043e\u0432, \u043e\u0431\u044a\u0435\u0434\u0438\u043d\u0438\u043b\u0438 \u043f\u0440\u043e\u0444\u0435\u0441\u0441\u0438\u043e\u043d\u0430\u043b\u043e\u0432 \u0442\u0435\u0430\u0442\u0440\u0430\u043b\u044c\u043d\u043e\u0433\u043e \u0438\u0441\u043a\u0443\u0441\u0441\u0442\u0432\u0430 \u0432 \u0438\u043d\u0438\u0446\u0438\u0430\u0442\u0438\u0432\u043d\u0443\u044e \u0433\u0440\u0443\u043f\u043f\u0443 \u0438 \u0441\u043e\u0437\u0434\u0430\u043b\u0438 <strong>&quot;\u043c\u043e\u0431\u0438\u043b\u044c\u043d\u044b\u0439 \u0438\u043d\u0442\u0435\u0440\u0430\u043a\u0442\u0438\u0432\u043d\u044b\u0439 \u0442\u0435\u0430\u0442\u0440&quot; (\u041c\u0418\u0422)</strong>, \u0434\u043b\u044f \u043f\u043e\u0441\u0442\u0430\u043d\u043e\u0432\u043a\u0438 \u0438 \u043f\u0440\u043e\u0432\u0435\u0434\u0435\u043d\u0438\u044f \u0441\u043f\u0435\u043a\u0442\u0430\u043a\u043b\u0435\u0439 \u0434\u043b\u044f \u0434\u0435\u0442\u0435\u0439 \u0438 \u043c\u043e\u043b\u043e\u0434\u0451\u0436\u0438 \u043d\u0430 \u0441\u043e\u0446\u0438\u0430\u043b\u044c\u043d\u0443\u044e \u0442\u0435\u043c\u0430\u0442\u0438\u043a\u0443.</p>\r\n\r\n<p><strong>\u041c\u0418\u0422</strong> - \u043f\u0440\u0435\u0434\u0441\u0442\u0430\u0432\u043b\u044f\u0435\u0442 \u0441\u043e\u0431\u043e\u0439 \u043c\u043d\u043e\u0433\u043e\u0444\u0443\u043d\u043a\u0446\u0438\u043e\u043d\u0430\u043b\u044c\u043d\u0443\u044e \u043a\u043e\u043d\u0441\u0442\u0440\u0443\u043a\u0446\u0438\u044e (\u0432\u043e\u0441\u044c\u043c\u0438\u0443\u0433\u043e\u043b\u044c\u043d\u0438\u043a), \u0441\u043d\u0430\u0440\u0443\u0436\u0438 \u0438 \u0432\u043d\u0443\u0442\u0440\u0438 \u043a\u043e\u0442\u043e\u0440\u043e\u0439 \u043f\u0440\u043e\u0438\u0441\u0445\u043e\u0434\u0438\u0442 \u0442\u0435\u0430\u0442\u0440\u0430\u043b\u044c\u043d\u043e\u0435 \u0434\u0435\u0439\u0441\u0442\u0432\u0438\u0435. \u0411\u043b\u0430\u0433\u043e\u0434\u0430\u0440\u044f \u043c\u043e\u0431\u0438\u043b\u044c\u043d\u043e\u0441\u0442\u0438 \u043a\u043e\u043d\u0441\u0442\u0440\u0443\u043a\u0446\u0438\u0438, \u043f\u0440\u0435\u0434\u0441\u0442\u0430\u0432\u043b\u0435\u043d\u0438\u044f \u0441\u043c\u043e\u0433\u0443\u0442 \u043f\u0440\u043e\u0432\u043e\u0434\u0438\u0442\u044c\u0441\u044f \u043a\u0430\u043a \u0432 \u043f\u043e\u043c\u0435\u0449\u0435\u043d\u0438\u044f\u0445 (\u0444\u043e\u0439\u0435, \u0441\u043f\u043e\u0440\u0442\u0437\u0430\u043b\u0430\u0445, \u0441\u0442\u043e\u043b\u043e\u0432\u044b\u0445 \u0438 \u0442.\u0434.) \u0442\u0430\u043a \u0438 \u043d\u0430 \u0443\u043b\u0438\u0446\u0435: \u0432 \u043f\u0430\u0440\u043a\u0430\u0445, \u0441\u043a\u0432\u0435\u0440\u0430\u0445, \u043f\u043b\u044f\u0436\u0430\u0445 \u0438 \u0442.\u043f. \u0412 \u0444\u043e\u0440\u043c\u0435 \u0440\u0443\u0441\u0441\u043a\u043e\u0439 \u043d\u0430\u0440\u043e\u0434\u043d\u043e\u0439 \u0441\u043a\u0430\u0437\u043a\u0438 <a href=\"#\">&quot;\u0412 \u0433\u043e\u0441\u0442\u044f\u0445 \u0443 \u0418\u0432\u0430\u043d\u0430&quot;</a> \u0437\u0440\u0438\u0442\u0435\u043b\u044e \u043f\u0440\u0435\u0434\u0441\u0442\u0430\u0432\u043b\u0435\u043d\u043e \u0438\u043d\u0442\u0435\u0440\u0430\u043a\u0442\u0438\u0432\u043d\u043e\u0435 \u0434\u0435\u0439\u0441\u0442\u0432\u043e, \u043f\u0440\u0438\u0437\u0432\u0430\u043d\u043d\u043e\u0435: \u043f\u0440\u0438\u0432\u0438\u0442\u044c \u043b\u044e\u0431\u043e\u0432\u044c \u043a \u0440\u043e\u0434\u043d\u043e\u0439 \u043a\u0443\u043b\u044c\u0442\u0443\u0440\u0435 \u0438 \u0431\u0435\u0440\u0435\u0436\u043d\u043e\u0435 \u043e\u0442\u043d\u043e\u0448\u0435\u043d\u0438\u0435 \u043a \u043f\u0440\u0438\u0440\u043e\u0434\u0435.</p>\r\n\r\n<p><strong>\u0426\u0435\u043b\u044c\u044e \u043f\u0440\u043e\u0435\u043a\u0442\u0430</strong> \u044f\u0432\u043b\u044f\u0435\u0442\u0441\u044f \u0437\u043d\u0430\u043a\u043e\u043c\u0441\u0442\u0432\u043e \u0434\u0435\u0442\u0435\u0439 \u0438\u0437 \u0432\u0441\u0435\u0445 \u043c\u0443\u043d\u0438\u0446\u0438\u043f\u0430\u043b\u044c\u043d\u044b\u0445 \u043e\u0431\u0440\u0430\u0437\u043e\u0432\u0430\u043d\u0438\u0439 \u0421\u0435\u0432\u0430\u0441\u0442\u043e\u043f\u043e\u043b\u044f \u0441 \u043e\u0441\u043d\u043e\u0432\u0430\u043c\u0438 \u044d\u043a\u043e\u043b\u043e\u0433\u0438\u0438 \u0438 \u043f\u0440\u0438\u0432\u0438\u0442\u044c \u0431\u0435\u0440\u0435\u0436\u043d\u043e\u0435 \u043e\u0442\u043d\u043e\u0448\u0435\u043d\u0438\u0435 \u043a \u043f\u0440\u0438\u0440\u043e\u0434\u0435. \u0410 \u0442\u0430\u043a\u0436\u0435 \u0434\u0430\u0442\u044c \u0441\u0442\u0430\u0440\u0448\u0438\u043c \u043f\u043e\u0447\u0443\u0432\u0441\u0442\u0432\u043e\u0432\u0430\u0442\u044c \u043e\u0442\u0432\u0435\u0442\u0441\u0442\u0432\u0435\u043d\u043d\u043e\u0441\u0442\u044c \u0437\u0430 \u043f\u043e\u0434\u0440\u0430\u0441\u0442\u0430\u044e\u0449\u0435\u0435 \u043f\u043e\u043a\u043e\u043b\u0435\u043d\u0438\u0435 \u0438 \u0442\u043e\u0442 \u043c\u0438\u0440 \u0432 \u043a\u043e\u0442\u043e\u0440\u044b\u043c \u0438\u043c \u043f\u0440\u0435\u0434\u0441\u0442\u043e\u0438\u0442 \u0436\u0438\u0442\u044c.</p>"
    }
},
{
    "model": "home.photo",
    "pk": 1,
    "fields": {
        "created_at": "2018-03-10T12:06:31.896Z",
        "updated_at": "2018-03-10T12:06:31.896Z",
        "image": "home/1.jpg",
        "home": 1,
        "is_visible": true
    }
},
{
    "model": "home.photo",
    "pk": 2,
    "fields": {
        "created_at": "2018-03-10T12:06:31.933Z",
        "updated_at": "2018-03-10T12:06:31.933Z",
        "image": "home/2.jpg",
        "home": 1,
        "is_visible": true
    }
}
]
